Brand,MPN,URL,Name,Price,Stock
威联通（QNAP）,3709561,https://item.jd.com/3709561.html,威联通QNAP TS-228 1G NAS存储服务器 家庭私有云,1199.00,1
威联通（QNAP）,3931774,https://item.jd.com/3931774.html,威联通（QNAP）TS-431P 1G 内存 4盘位NAS网络存储器 双核1.7GHz处理器 2个网络端口,2999.00,1
威联通（QNAP）,2496115,https://item.jd.com/2496115.html,威联通（QNAP）TS-251+ 2G内存 NAS网络存储器 赛扬2.0G四核CPU,3280.00,1
威联通（QNAP）,3931800,https://item.jd.com/3931800.html,威联通（QNAP）TS-231P 1G 内存 2盘位NAS网络存储器 双核1.7GHz处理器 2个网络端口,1999.00,1
威联通（QNAP）,1558965,https://item.jd.com/1558965.html,威联通（QNAP）TS-453 Pro 四核2.0 GHz CPU 四千兆网口 支持多虚拟机安装的四盘位网络存储服务器,5680.00,1
威联通（QNAP）,2496026,https://item.jd.com/2496026.html,威联通（QNAP）TS-453A 4G内存 NAS网络存储器 四核四网卡 双系统,5680.00,1
威联通（QNAP）,2495994,https://item.jd.com/2495994.html,威联通（QNAP）TS-653A 4G内存 NAS网络存储器 四核四网卡 双系统,7280.00,1
威联通（QNAP）,3497880,https://item.jd.com/3497880.html,威联通（QNAP）TS-251A -2G内存 两盘位网络存储器 双核双网卡 可USB直连 20T容量,3380.00,1
威联通（QNAP）,2641075,https://item.jd.com/2641075.html,威联通（QNAP）TS-853A 4G内存 NAS网络存储器 四核四网卡 双系统 企业版,8880.00,1
威联通（QNAP）,3497884,https://item.jd.com/3497884.html,威联通（QNAP）TS-451A -2G内存 四盘位网络存储器 双核双网卡 可USB直连 40T容量,4280.00,1
威联通（QNAP）,2819805,https://item.jd.com/2819805.html,威联通（QNAP）TS-253A 4G内存 NAS网络存储器 四核 双系统,4280.00,1
威联通（QNAP）,2496077,https://item.jd.com/2496077.html,威联通（QNAP）TS-451+ 2G内存 NAS网络存储器 赛扬2.0G四核CPU,4180.00,1
威联通（QNAP）,1283049,https://item.jd.com/1283049.html,威联通（QNAP）TS-431 双核浮点运算1.2GHz CPU 四盘位网络存储服务器,2599.00,1
威联通（QNAP）,3500937,https://item.jd.com/3500937.html,威联通QNAP TAS-168play版 NAS存储器家庭私有云  QTS+安卓 双系统,1399.00,1
威联通（QNAP）,1734527,https://item.jd.com/1734527.html,威联通（QNAP）TS-563 AMD 4核2.0 GHz 处理器 支持万兆网卡 內置AES 硬件高速加密五盘位网络存储,5980.00,1
威联通（QNAP）,10346190487,https://item.jd.com/10346190487.html,威联通QNAP TS-231P 2盘位 网络存储器NAS 新品 TS-231P 标机,1750.00,1
威联通（QNAP）,10346190488,https://item.jd.com/10346190488.html,威联通QNAP TS-231P 2盘位 网络存储器NAS 新品 TS-231P  含2块2TB NAS盘,3250.00,1
威联通（QNAP）,1328957,https://item.jd.com/1328957.html,威联通（QNAP）QG-103N QGenie 实时备份、充电、无线AP分享多功能合一行动NAS,899.00,1
威联通（QNAP）,10867256763,https://item.jd.com/10867256763.html,威联通QNAP TS-563 四核心企业级 NAS 网络存储器 5盘位 （标准版） TS-563  2G标准版  配5块6T 企业盘,16679.00,1
威联通（QNAP）,10346190489,https://item.jd.com/10346190489.html,威联通QNAP TS-231P 2盘位 网络存储器NAS 新品 TS-231P  含2块4TB NAS盘,4350.00,1
威联通（QNAP）,10867185059,https://item.jd.com/10867185059.html,威联通QNAP TS-431P 家庭个人工作室设计 4盘位 NAS 网络存储器 TS-431P 标机,2750.00,1
威联通（QNAP）,10962826241,https://item.jd.com/10962826241.html,威联通QNAP TS-228 网络存储器 2盘位 家用实惠机型 TS-228  标机,1249.00,1
威联通（QNAP）,10346550313,https://item.jd.com/10346550313.html,威联通QNAP TS-563 四核心企业级 NAS 网络存储器 5盘位 （标准版） TS-563  2G标准版 标机,5680.00,1
威联通（QNAP）,10286011646,https://item.jd.com/10286011646.html,威联通QNAP TAS-268play版 QTS-Android 双系统 多媒体网络存储器 TAS-268P-2G,1699.00,1
威联通（QNAP）,1209903,https://item.jd.com/1209903.html,威联通（QNAP）TS-451 赛扬双核浮点运算2.41GHz CPU HDMI高清输出 四盘位网络存储服务器,6800.00,1
威联通（QNAP）,10962826242,https://item.jd.com/10962826242.html,威联通QNAP TS-228 网络存储器 2盘位 家用实惠机型 TS-228 配1块2TB NAS盘,1899.00,1
威联通（QNAP）,10346771113,https://item.jd.com/10346771113.html,威联通（QNAP）TS-853U-RP 四核心 双电源机架式企业级网络存储器 8盘位 TS-853U-RP 双电源 标机,17500.00,1
威联通（QNAP）,10608094144,https://item.jd.com/10608094144.html,威联通（QNAP）TS-531P 2G 内存 5盘位NAS网络存储器 1.4G四核 四千兆 标配 不含盘,4280.00,1
威联通（QNAP）,10549817789,https://item.jd.com/10549817789.html,Qnap 威联通 TS-451+ 网络存储器 NAS  HDMI高清显示 4盘位 TS-451+ 8G 标机,4950.00,1
威联通（QNAP）,11120642472,https://item.jd.com/11120642472.html,Qnap 威联通 TS-653A 网络存储 NAS  HDMI高清显示 6盘位 TS-653A 8G 标机,7500.00,1
威联通（QNAP）,10926444380,https://item.jd.com/10926444380.html,威联通QNAP TS-831X-8G 8盘位标配万兆网络光口 企业级 网络存储器 TS-831X-8G 配8块8TB NAS盘,37999.00,1
威联通（QNAP）,11038725923,https://item.jd.com/11038725923.html,威联通（QNAP）TS-853U-RP 四核心 双电源机架式企业级网络存储器 8盘位 TS-853U-SP 单电源 配4块4TB企业盘,20199.00,1
威联通（QNAP）,10962692806,https://item.jd.com/10962692806.html,威联通QNAP TS-531X 高性能5盘位万兆网络光口 网络存储器 5盘位 4G内存 TS-531X-4G 配5块6TB 企业盘,15099.00,1
威联通（QNAP）,10926444376,https://item.jd.com/10926444376.html,威联通QNAP TS-831X-8G 8盘位标配万兆网络光口 企业级 网络存储器 TS-831X-8G,14500.00,1
威联通（QNAP）,10962692804,https://item.jd.com/10962692804.html,威联通QNAP TS-531X 高性能5盘位万兆网络光口 网络存储器 5盘位 4G内存 TS-531X-4G配5块4TB NAS盘,10499.00,1
威联通（QNAP）,10561468352,https://item.jd.com/10561468352.html,威联通QNAP TS-253A-4G 2盘位  网络存储器NAS 高性能 TS-253A 4G 含2块2TB NAS盘,4980.00,1
威联通（QNAP）,10346678743,https://item.jd.com/10346678743.html,威联通QNAP TS-253A-4G 2盘位  网络存储器NAS 高性能 TS-253A 4G,3680.00,1
威联通（QNAP）,11127234501,https://item.jd.com/11127234501.html,威联通QNAP TS-563 四核心企业级 NAS 网络存储器 5盘位 （标准版） TS-563  8G标准版 标机,6680.00,1
威联通（QNAP）,10346575124,https://item.jd.com/10346575124.html,威联通QNAP TS-431P 家庭个人工作室设计 4盘位 NAS 网络存储器 TS-431+ 标机,2999.00,1
威联通（QNAP）,10962826244,https://item.jd.com/10962826244.html,威联通QNAP TS-228 网络存储器 2盘位 家用实惠机型 TS-228 配1块4TB NAS盘,2549.00,1
威联通（QNAP）,10346678744,https://item.jd.com/10346678744.html,威联通QNAP TS-253A-4G 2盘位  网络存储器NAS 高性能 TS-253A 4G 含2块4TB NAS盘,6080.00,1
威联通（QNAP）,10346593973,https://item.jd.com/10346593973.html,威联通QNAP TS-231P 2盘位 网络存储器NAS 新品 TS-231 标机 配2块2TB NAS盘,2899.00,1
威联通（QNAP）,10620982425,https://item.jd.com/10620982425.html,Qnap 威联通 TS-251+ 网络存储 NAS  HDMI高清显示 高速四核心 2盘位 TS-251+ 2G  含2块2TB NAS盘,4580.00,1
威联通（QNAP）,10285931720,https://item.jd.com/10285931720.html,威联通QNAP TS-431P 家庭个人工作室设计 4盘位 NAS 网络存储器 TS-431+  配4块4TB NAS盘,7799.00,1
威联通（QNAP）,10900232037,https://item.jd.com/10900232037.html,威联通QNAP TS-431P 家庭个人工作室设计 4盘位 NAS 网络存储器 TS-431P 配2块2TB NAS盘,4050.00,1
威联通（QNAP）,10632487049,https://item.jd.com/10632487049.html,Qnap 威联通 TS-451+ 网络存储器 NAS  HDMI高清显示 4盘位 TS-451+ 2G 含4块2TB NAS盘,7180.00,1
威联通（QNAP）,10867185060,https://item.jd.com/10867185060.html,威联通QNAP TS-431P 家庭个人工作室设计 4盘位 NAS 网络存储器 TS-431P 配4块4TB NAS盘,7550.00,1
威联通（QNAP）,10867212136,https://item.jd.com/10867212136.html,威联通QNAP TS-431P 家庭个人工作室设计 4盘位 NAS 网络存储器 TS-431P 配3块2TB NAS盘,4699.00,1
威联通（QNAP）,10346563735,https://item.jd.com/10346563735.html,Qnap 威联通 TS-451+ 网络存储器 NAS  HDMI高清显示 4盘位 TS-451+ 2G 标机,4180.00,1
威联通（QNAP）,10346563736,https://item.jd.com/10346563736.html,Qnap 威联通 TS-451+ 网络存储器 NAS  HDMI高清显示 4盘位 TS-451+ 2G  含4块4TB NAS盘,9380.00,1
威联通（QNAP）,10346771114,https://item.jd.com/10346771114.html,威联通（QNAP）TS-853U-RP 四核心 双电源机架式企业级网络存储器 8盘位 TS-853U-RP 含8块4TB企业盘,27900.00,1
威联通（QNAP）,11240666914,https://item.jd.com/11240666914.html,QNAP威联通 TS-1635 高性价比 16盘位 商用级四核心 TS-1635-8G 标机,17999.00,1
威联通（QNAP）,10331035459,https://item.jd.com/10331035459.html,Qnap 威联通 TS-251+ 网络存储 NAS  HDMI高清显示 高速四核心 2盘位 TS-251+ 2G 标机,3280.00,1
威联通（QNAP）,10435119447,https://item.jd.com/10435119447.html,威联通QNAP TAS-268play版 QTS-Android 双系统 多媒体网络存储器 TAS-268P-2G 含2块4TB NAS盘,4299.00,1
威联通（QNAP）,11240395223,https://item.jd.com/11240395223.html,威联通 TS-451A-2G 4盘位高性能 USB直连 网络存储器 NAS云存储 TS-451A 2G  含3块4TB NAS盘,7450.00,1
威联通（QNAP）,11240666909,https://item.jd.com/11240666909.html,QNAP威联通 TS-1635 高性价比 16盘位 商用级四核心 TS-1635-8G 配12块6TB企业盘,44399.00,1
威联通（QNAP）,11222410028,https://item.jd.com/11222410028.html,威联通QNAP TS-831X系列 8盘位标配万兆网络光口 企业级 网络存储器 ,23999.00,1
威联通（QNAP）,11240666912,https://item.jd.com/11240666912.html,QNAP威联通 TS-1635 高性价比 16盘位 商用级四核心 TS-1635-4G 标机,16500.00,1
威联通（QNAP）,10346835246,https://item.jd.com/10346835246.html,威联通QNAP TS-1253U-SP 单电路 机架式企业级网络存储器NAS 12盘位 TS-1253U-SP 标机,19000.00,1
威联通（QNAP）,10862141569,https://item.jd.com/10862141569.html,Qnap 威联通 TS-653A 网络存储 NAS  HDMI高清显示 6盘位 TS-653A 4G 配6块4TB 企业盘,14600.00,1
威联通（QNAP）,10346835247,https://item.jd.com/10346835247.html,威联通QNAP TS-1253U-SP 单电路 机架式企业级网络存储器NAS 12盘位 TS-1253U-SP 含12块4TB企业盘,34600.00,1
威联通（QNAP）,11102482823,https://item.jd.com/11102482823.html,威联通QNAP TS-531X 高性能5盘位万兆网络光口 网络存储器 5盘位 4G内存 TS-531X-8G 配5块4TB 企业盘,11499.00,1
威联通（QNAP）,11130841127,https://item.jd.com/11130841127.html,威联通QNAP TS-563 四核心企业级 NAS 网络存储器 5盘位 （标准版） TS-563 8G标准版 配5块8TB NAS盘,21680.00,1
威联通（QNAP）,11167250495,https://item.jd.com/11167250495.html,威联通qnap TS-221 NAS 网络存储器 4T  2x2TB 服务器红盘,3317.00,1
威联通（QNAP）,11167250493,https://item.jd.com/11167250493.html,威联通qnap TS-221 NAS 网络存储器 标配空巢,1999.00,1
威联通（QNAP）,11240666911,https://item.jd.com/11240666911.html,QNAP威联通 TS-1635 高性价比 16盘位 商用级四核心 TS-1635-8G 配12块4TB企业盘,32399.00,1
威联通（QNAP）,11240666913,https://item.jd.com/11240666913.html,QNAP威联通 TS-1635 高性价比 16盘位 商用级四核心 TS-1635-4G 配12块6TB企业盘,42899.00,1
威联通（QNAP）,11240395217,https://item.jd.com/11240395217.html,威联通 TS-451A-2G 4盘位高性能 USB直连 网络存储器 NAS云存储 TS-451A 4G  含4块4TB NAS盘,9099.00,1
威联通（QNAP）,11240395216,https://item.jd.com/11240395216.html,威联通 TS-451A-2G 4盘位高性能 USB直连 网络存储器 NAS云存储 TS-451A 4G 标机,4299.00,1
威联通（QNAP）,11240496409,https://item.jd.com/11240496409.html,QNAP 威联通 TS-251A USB直连 2盘位网络存储器 NAS云存储 TS-251A-2G 配2块4TB NAS盘,5180.00,1
威联通（QNAP）,11240430239,https://item.jd.com/11240430239.html,QNAP 威联通 TS-431  网络存储器 4盘位 私有云存储 TS-431 配4块2TB NAS 盘,4980.00,1
威联通（QNAP）,11011208796,https://item.jd.com/11011208796.html,威联通（QNAP）TS-453U-RP 四核心双电源 机架式企业级网络存储器 TS-453U-RP双电源 含4块2TB NAS盘,16499.00,1
威联通（QNAP）,11011208797,https://item.jd.com/11011208797.html,威联通（QNAP）TS-453U-RP 四核心双电源 机架式企业级网络存储器 TS-453U-SP单电源 含4块2TB NAS盘,13999.00,1
威联通（QNAP）,10962692803,https://item.jd.com/10962692803.html,威联通QNAP TS-531X 高性能5盘位万兆网络光口 网络存储器 5盘位 4G内存 TS-531X-4G配5块2TB NAS盘,7749.00,1
威联通（QNAP）,11166385081,https://item.jd.com/11166385081.html,威联通（QNAP）TS-453U-RP 四核心双电源 机架式企业级网络存储器 TS-453U-RP 双电源含4块4TB NAS盘,18300.00,1
威联通（QNAP）,10346750903,https://item.jd.com/10346750903.html,威联通（QNAP）TS-453U-RP 四核心双电源 机架式企业级网络存储器 TS-453U-SP 单电源 含4块4TB企业盘,16200.00,1
威联通（QNAP）,11240496410,https://item.jd.com/11240496410.html,QNAP 威联通 TS-251A USB直连 2盘位网络存储器 NAS云存储 TS-251A-2G 标机,2780.00,1
威联通（QNAP）,10346593972,https://item.jd.com/10346593972.html,威联通QNAP TS-231P 2盘位 网络存储器NAS 新品 TS-231 标机,1499.00,1
威联通（QNAP）,10686868179,https://item.jd.com/10686868179.html,威联通（QNAP）TS-431P  1.4GHz CPU 双千兆网口 四盘位企业级 标配空巢,2399.00,1
威联通（QNAP）,11240666910,https://item.jd.com/11240666910.html,QNAP威联通 TS-1635 高性价比 16盘位 商用级四核心 TS-1635-4G 配12块4TB企业盘,30899.00,1
威联通（QNAP）,11240395218,https://item.jd.com/11240395218.html,威联通 TS-451A-2G 4盘位高性能 USB直连 网络存储器 NAS云存储 TS-451A 2G  含4块2TB NAS盘,6450.00,1
威联通（QNAP）,11240395220,https://item.jd.com/11240395220.html,威联通 TS-451A-2G 4盘位高性能 USB直连 网络存储器 NAS云存储 TS-451A 2G  含4块4TB NAS盘,8650.00,1
威联通（QNAP）,11240395215,https://item.jd.com/11240395215.html,威联通 TS-451A-2G 4盘位高性能 USB直连 网络存储器 NAS云存储 TS-451A 4G  含3块4TB NAS盘,7899.00,1
威联通（QNAP）,11240395221,https://item.jd.com/11240395221.html,威联通 TS-451A-2G 4盘位高性能 USB直连 网络存储器 NAS云存储 TS-451A 4G  含4块2TB NAS盘,6899.00,1
威联通（QNAP）,11240395219,https://item.jd.com/11240395219.html,威联通 TS-451A-2G 4盘位高性能 USB直连 网络存储器 NAS云存储 TS-451A 4G  含3块2TB NAS盘,6249.00,1
威联通（QNAP）,11240395224,https://item.jd.com/11240395224.html,威联通 TS-451A-2G 4盘位高性能 USB直连 网络存储器 NAS云存储 TS-451A 2G  含3块2TB NAS盘,5799.00,1
威联通（QNAP）,11240395222,https://item.jd.com/11240395222.html,威联通 TS-451A-2G 4盘位高性能 USB直连 网络存储器 NAS云存储 TS-451A 2G 标机,3850.00,1
威联通（QNAP）,11240430240,https://item.jd.com/11240430240.html,QNAP 威联通 TS-431  网络存储器 4盘位 私有云存储 TS-431 配4块4TB NAS 盘,7180.00,1
威联通（QNAP）,11240549667,https://item.jd.com/11240549667.html,QNAP 威联通 TS-431+ 网络存储器 NAS云存储 4盘位 TS-431+ 标机 配4块4TB NAS盘,7799.00,1
威联通（QNAP）,11240549669,https://item.jd.com/11240549669.html,QNAP 威联通 TS-431+ 网络存储器 NAS云存储 4盘位 TS-431+ 标机 配3块4TB NAS盘,6599.00,1
威联通（QNAP）,11240549666,https://item.jd.com/11240549666.html,QNAP 威联通 TS-431+ 网络存储器 NAS云存储 4盘位 TS-431+ 标机 配4块2TB NAS盘,5599.00,1
威联通（QNAP）,11240549670,https://item.jd.com/11240549670.html,QNAP 威联通 TS-431+ 网络存储器 NAS云存储 4盘位 TS-431+ 标机 配3块2TB NAS盘,4949.00,1
威联通（QNAP）,11240496411,https://item.jd.com/11240496411.html,QNAP 威联通 TS-251A USB直连 2盘位网络存储器 NAS云存储 TS-251A-2G 配2块2TB NAS盘,4080.00,1
威联通（QNAP）,10604834674,https://item.jd.com/10604834674.html,威联通（QNAP）TS-451+ 2G内存 NAS网络存储器 赛扬2.0G四核CPU 0TB 无盘,4399.00,1
威联通（QNAP）,10601486956,https://item.jd.com/10601486956.html,威联通（QNAP）TS-853U  带电源机架式网络存 RP双电源 24TB希捷NAS盘3T*8,27580.00,1
威联通（QNAP）,10468668209,https://item.jd.com/10468668209.html,威联通（QNAP）TS-453U 含4块4T希捷企业NAS专盘 含导轨 单电源机架式网络存 企业级含4块4T希捷盘,16900.00,1
威联通（QNAP）,10605023716,https://item.jd.com/10605023716.html,威联通（QNAP）TS-653A 4G内存 NAS网络存储器 四核四网卡 双系统 6盘位 黑色 0TB,7280.00,1
威联通（QNAP）,10470987850,https://item.jd.com/10470987850.html,威联通QNAP TAS-268play版 NAS存储器家庭私有云 含2块2TB西数红盘,3399.00,1
威联通（QNAP）,10470987851,https://item.jd.com/10470987851.html,威联通QNAP TAS-268play版 NAS存储器家庭私有云 含2块4TB企业盘,4399.00,1
威联通（QNAP）,10605023712,https://item.jd.com/10605023712.html,威联通（QNAP）TS-653A 4G内存 NAS网络存储器 四核四网卡 双系统 6盘位 黑色 12TB NAS红盘2T*6,11234.00,1
威联通（QNAP）,10624671693,https://item.jd.com/10624671693.html,威联通（QNAP）TS-453A 4G内存 NAS网络存储器 四核四网卡 双系统 8TB NAS红盘2T*4,8316.00,1
威联通（QNAP）,10624671696,https://item.jd.com/10624671696.html,威联通（QNAP）TS-453A 4G内存 NAS网络存储器 四核四网卡 双系统 24TB NAS红盘6T*4,13956.00,1
威联通（QNAP）,10611946101,https://item.jd.com/10611946101.html,威联通（QNAP）TS-431+  1.4GHz CPU 双千兆网口 四盘位企业级 32T  4x8TB企业级,26999.00,1
威联通（QNAP）,10608467075,https://item.jd.com/10608467075.html,QNAP威联通UX-800P UX系列储存8盘位扩充设备251 451 651机型兼容 0TB 不含盘,4999.00,1
威联通（QNAP）,10605023715,https://item.jd.com/10605023715.html,威联通（QNAP）TS-653A 4G内存 NAS网络存储器 四核四网卡 双系统 6盘位 黑色 36TB NAS红盘6T*6,19580.00,1
威联通（QNAP）,10611941394,https://item.jd.com/10611941394.html,威联通（QNAP）TS-431+  1.4GHz CPU 双千兆网口 四盘位企业级 8T  4x2TB 服务器红盘,5999.00,1
威联通（QNAP）,10617542904,https://item.jd.com/10617542904.html,威联通（QNAP）TS-231+ NAS双核浮点运算网络存储器 1G内存 16T 2x8TB红盘,6999.00,1
威联通（QNAP）,10601190754,https://item.jd.com/10601190754.html,威联通（QNAP）TS-251+ 2G内存 NAS网络存储器 赛扬2.0G四核CPU 黑色 0TB 不含盘,3280.00,1
威联通（QNAP）,10624664214,https://item.jd.com/10624664214.html,威联通（QNAP）TS-1253U 企业NAS专盘 含导轨 12盘位 双电源RP 24TB NAS红盘2T*12,30908.00,1
威联通（QNAP）,10608094146,https://item.jd.com/10608094146.html,威联通（QNAP）TS-531P 2G 内存 5盘位NAS网络存储器 1.4G四核 四千兆 15TB NAS红盘3T*5,8980.00,1
威联通（QNAP）,11165993835,https://item.jd.com/11165993835.html,威联通（QNAP）TS-431系列  双核浮点运算 1.4GHz CPU 双千兆网口 431P 0TB 不含盘,2399.00,1
威联通（QNAP）,10687210398,https://item.jd.com/10687210398.html,QNAP威联通UX-800P UX系列储存8盘位扩充设备251 451 651机型兼容 16TB NAS红盘4T*4,10069.00,1
威联通（QNAP）,10612210110,https://item.jd.com/10612210110.html,威联通（QNAP）TS-251+ 2G内存 NAS网络存储器 赛扬2.0G四核CPU 16TB  2x8TB西数红盘,8479.00,1
威联通（QNAP）,10687210399,https://item.jd.com/10687210399.html,QNAP威联通UX-800P UX系列储存8盘位扩充设备251 451 651机型兼容 16TB 2x8TB红盘,12899.00,1
威联通（QNAP）,10624626940,https://item.jd.com/10624626940.html,威联通（QNAP）TS-853U 企业级NAS 含导轨 双电源机架式 八盘位 双电源RP 24TB NAS红盘3T*8,25092.00,1
威联通（QNAP）,10624626939,https://item.jd.com/10624626939.html,威联通（QNAP）TS-853U 企业级NAS 含导轨 双电源机架式 八盘位 双电源RP 48TB NAS红盘6T*8,34052.00,1
威联通（QNAP）,10601486952,https://item.jd.com/10601486952.html,威联通（QNAP）TS-853U  带电源机架式网络存 RP双电源 0TB,17500.00,1
威联通（QNAP）,10601486951,https://item.jd.com/10601486951.html,威联通（QNAP）TS-853U  带电源机架式网络存 SP单电源 24TB希捷NAS盘3T*8,23480.00,1
威联通（QNAP）,10624626945,https://item.jd.com/10624626945.html,威联通（QNAP）TS-853U 企业级NAS 含导轨 双电源机架式 八盘位 单电源SP 24TB NAS红盘3T*8,22592.00,1
威联通（QNAP）,10604834671,https://item.jd.com/10604834671.html,威联通（QNAP）TS-451+ 2G内存 NAS网络存储器 赛扬2.0G四核CPU 12TB NAS红盘3T*4,8188.00,1
威联通（QNAP）,10601486950,https://item.jd.com/10601486950.html,威联通（QNAP）TS-853U  带电源机架式网络存 SP单电源 32TB希捷NAS盘4T*8,26080.00,1
威联通（QNAP）,10601486947,https://item.jd.com/10601486947.html,威联通（QNAP）TS-853U  带电源机架式网络存 SP单电源 0TB,15000.00,1
威联通（QNAP）,10608298972,https://item.jd.com/10608298972.html,威联通（QNAP）TS-563 AMD 4核2.0 GHz 处理器 支持万兆网卡 黑色 30TB NAS红盘6T*5,15344.00,1
威联通（QNAP）,10612210105,https://item.jd.com/10612210105.html,威联通（QNAP）TS-251+ 2G内存 NAS网络存储器 赛扬2.0G四核CPU 空槽标配,3280.00,1
威联通（QNAP）,3218998,https://item.jd.com/3218998.html,威联通（QNAP）TS-212P 两盘位网络存储服务器 CPU 1.6GHz 内存512MB,899.00,0
威联通（QNAP）,10605023714,https://item.jd.com/10605023714.html,威联通（QNAP）TS-653A 4G内存 NAS网络存储器 四核四网卡 双系统 6盘位 黑色 24TB NAS红盘4T*6,14900.00,1
威联通（QNAP）,10608298971,https://item.jd.com/10608298971.html,威联通（QNAP）TS-563 AMD 4核2.0 GHz 处理器 支持万兆网卡 黑色 20TB NAS红盘4T*5,11849.00,1
威联通（QNAP）,10601486953,https://item.jd.com/10601486953.html,威联通（QNAP）TS-853U  带电源机架式网络存 RP双电源 8TB希捷NAS盘1T*8,23180.00,1
威联通（QNAP）,11217449211,https://item.jd.com/11217449211.html,威联通（QNAP）TS-231系列 NAS双核浮点运算网络存储器 1G内存 TS-231P 8TB  NAS红盘4T*2,4308.00,1
威联通（QNAP）,11217449202,https://item.jd.com/11217449202.html,威联通（QNAP）TS-231系列 NAS双核浮点运算网络存储器 1G内存 TS-231P 6TB  NAS红盘3T*2,3648.00,1
威联通（QNAP）,11217449203,https://item.jd.com/11217449203.html,威联通（QNAP）TS-231系列 NAS双核浮点运算网络存储器 1G内存 TS-231P 4TB NAS红盘2T*2,3068.00,1
威联通（QNAP）,11217449206,https://item.jd.com/11217449206.html,威联通（QNAP）TS-231系列 NAS双核浮点运算网络存储器 1G内存 TS-231+ 4TB NAS红盘2T*2,3317.00,1
威联通（QNAP）,10686868184,https://item.jd.com/10686868184.html,威联通（QNAP）TS-431P  1.4GHz CPU 双千兆网口 四盘位企业级 32TB 4x8TB服务器红盘,13999.00,1
威联通（QNAP）,10617542903,https://item.jd.com/10617542903.html,威联通（QNAP）TS-231+ NAS双核浮点运算网络存储器 1G内存 12T 2x6TB红盘,5999.00,1
威联通（QNAP）,10617537800,https://item.jd.com/10617537800.html,威联通（QNAP）TS-231+ NAS双核浮点运算网络存储器 1G内存 4TB 2x2TB红盘,3499.00,1
威联通（QNAP）,10604860631,https://item.jd.com/10604860631.html,威联通（QNAP）TS-231P 1G双核1.4GHz CPU 高性能加密两盘位网络存 8TB NAS红盘4T*2,4270.00,1
威联通（QNAP）,10608467079,https://item.jd.com/10608467079.html,QNAP威联通UX-800P UX系列储存8盘位扩充设备251 451 651机型兼容 32TB NAS红盘4T*8,15231.00,1
威联通（QNAP）,10605023713,https://item.jd.com/10605023713.html,威联通（QNAP）TS-653A 4G内存 NAS网络存储器 四核四网卡 双系统 6盘位 黑色 18TB NAS红盘3T*6,12920.00,1
威联通（QNAP）,10608467078,https://item.jd.com/10608467078.html,QNAP威联通UX-800P UX系列储存8盘位扩充设备251 451 651机型兼容 48TB NAS红盘6T*8,21551.00,1
威联通（QNAP）,10624709509,https://item.jd.com/10624709509.html,威联通QNAP TAS-268play版 NAS存储器家庭私有云 含2块6TB企业盘,6137.00,1
威联通（QNAP）,10624671695,https://item.jd.com/10624671695.html,威联通（QNAP）TS-453A 4G内存 NAS网络存储器 四核四网卡 双系统 16TB NAS红盘4T*4,10796.00,1
威联通（QNAP）,10686868185,https://item.jd.com/10686868185.html,威联通（QNAP）TS-431P  1.4GHz CPU 双千兆网口 四盘位企业级 16T  4x4TB企业级硬盘,8999.00,1
威联通（QNAP）,10608386415,https://item.jd.com/10608386415.html,威联通（QNAP）TS-451+  NAS网络存储器 赛扬2.0G四核CPU 8G内存 8TB NAS红盘2T*4,7116.00,1
威联通（QNAP）,10608386418,https://item.jd.com/10608386418.html,威联通（QNAP）TS-451+  NAS网络存储器 赛扬2.0G四核CPU 8G内存 24TB NAS红盘6T*4,12756.00,1
威联通（QNAP）,10686868186,https://item.jd.com/10686868186.html,威联通（QNAP）TS-431P  1.4GHz CPU 双千兆网口 四盘位企业级 24T 4x6TB企业级硬盘,14999.00,1
威联通（QNAP）,10611941398,https://item.jd.com/10611941398.html,威联通（QNAP）TS-431+  1.4GHz CPU 双千兆网口 四盘位企业级 32TB 4x8TB服务器红盘,13999.00,1
威联通（QNAP）,10624671694,https://item.jd.com/10624671694.html,威联通（QNAP）TS-453A 4G内存 NAS网络存储器 四核四网卡 双系统 12TB NAS红盘3T*4,9476.00,1
威联通（QNAP）,10611946102,https://item.jd.com/10611946102.html,威联通（QNAP）TS-431+  1.4GHz CPU 双千兆网口 四盘位企业级 40t 4x10企业级硬盘,31999.00,1
威联通（QNAP）,10686868187,https://item.jd.com/10686868187.html,威联通（QNAP）TS-431P  1.4GHz CPU 双千兆网口 四盘位企业级 32T  4x8TB企业级硬盘,26999.00,1
威联通（QNAP）,10608467077,https://item.jd.com/10608467077.html,QNAP威联通UX-800P UX系列储存8盘位扩充设备251 451 651机型兼容 24TB NAS红盘3T*8,12591.00,1
威联通（QNAP）,10608386417,https://item.jd.com/10608386417.html,威联通（QNAP）TS-451+  NAS网络存储器 赛扬2.0G四核CPU 8G内存 16TB NAS红盘4T*4,9596.00,1
威联通（QNAP）,10686868180,https://item.jd.com/10686868180.html,威联通（QNAP）TS-431P  1.4GHz CPU 双千兆网口 四盘位企业级 8T  4x2TB 服务器红盘,5699.00,1
威联通（QNAP）,10608386410,https://item.jd.com/10608386410.html,威联通（QNAP）TS-451+  NAS网络存储器 赛扬2.0G四核CPU 2G内存 8TB NAS红盘2T*4,6816.00,1
威联通（QNAP）,10608386416,https://item.jd.com/10608386416.html,威联通（QNAP）TS-451+  NAS网络存储器 赛扬2.0G四核CPU 8G内存 12TB NAS红盘3T*4,8276.00,1
威联通（QNAP）,10686868182,https://item.jd.com/10686868182.html,威联通（QNAP）TS-431P  1.4GHz CPU 双千兆网口 四盘位企业级 16T 4x4TB服务器红盘,7999.00,1
威联通（QNAP）,10608386411,https://item.jd.com/10608386411.html,威联通（QNAP）TS-451+  NAS网络存储器 赛扬2.0G四核CPU 2G内存 12TB NAS红盘3T*4,7976.00,1
威联通（QNAP）,10608467076,https://item.jd.com/10608467076.html,QNAP威联通UX-800P UX系列储存8盘位扩充设备251 451 651机型兼容 16TB NAS红盘2T*8,10271.00,1
威联通（QNAP）,10608386413,https://item.jd.com/10608386413.html,威联通（QNAP）TS-451+  NAS网络存储器 赛扬2.0G四核CPU 2G内存 24TB NAS红盘6T*4,12456.00,1
威联通（QNAP）,10608094147,https://item.jd.com/10608094147.html,威联通（QNAP）TS-531P 2G 内存 5盘位NAS网络存储器 1.4G四核 四千兆 20TB NAS红盘4T*5,10630.00,1
威联通（QNAP）,10624664211,https://item.jd.com/10624664211.html,威联通（QNAP）TS-1253U 企业NAS专盘 含导轨 12盘位 单电源SP 48TB NAS红盘4T*12,34348.00,1
威联通（QNAP）,10608094145,https://item.jd.com/10608094145.html,威联通（QNAP）TS-531P 2G 内存 5盘位NAS网络存储器 1.4G四核 四千兆 10TB NAS红盘2T*5,7530.00,1
威联通（QNAP）,10612078299,https://item.jd.com/10612078299.html,威联通QNAP TAS-268play版 NAS存储器家庭私有云 个人云 12T 内置2块6TB 西数红盘,5999.00,1
威联通（QNAP）,10608094148,https://item.jd.com/10608094148.html,威联通（QNAP）TS-531P 2G 内存 5盘位NAS网络存储器 1.4G四核 四千兆 30TB NAS红盘6T*5,14580.00,1
威联通（QNAP）,10623767760,https://item.jd.com/10623767760.html,威联通（QNAP）TS-451+ NAS网络存储器 赛扬2.0G四核CPU 8G内存 16T 4x4TB红盘,9139.00,1
威联通（QNAP）,10687217303,https://item.jd.com/10687217303.html,QNAP威联通UX-800P UX系列储存8盘位扩充设备251 451 651机型兼容 64TB 8x8TB红盘,25899.00,1
威联通（QNAP）,10601190757,https://item.jd.com/10601190757.html,威联通（QNAP）TS-251+ 2G内存 NAS网络存储器 赛扬2.0G四核CPU 黑色 8TB红盘 NAS红盘4T*2,5800.00,1
威联通（QNAP）,10624664210,https://item.jd.com/10624664210.html,威联通（QNAP）TS-1253U 企业NAS专盘 含导轨 12盘位 单电源SP 36TB NAS红盘3T*12,30388.00,1
威联通（QNAP）,10624664209,https://item.jd.com/10624664209.html,威联通（QNAP）TS-1253U 企业NAS专盘 含导轨 12盘位 单电源SP 24TB NAS红盘2T*12,26908.00,1
威联通（QNAP）,10623767754,https://item.jd.com/10623767754.html,威联通（QNAP）TS-451+ NAS网络存储器 赛扬2.0G四核CPU 2G内存 32T 4x8TB红盘,14579.00,1
威联通（QNAP）,10687210397,https://item.jd.com/10687210397.html,QNAP威联通UX-800P UX系列储存8盘位扩充设备251 451 651机型兼容 8TB  2x4TB红盘,7699.00,1
威联通（QNAP）,11165993838,https://item.jd.com/11165993838.html,威联通（QNAP）TS-431系列  双核浮点运算 1.4GHz CPU 双千兆网口 431P 16TB  NAS红盘4T*4,7515.00,1
威联通（QNAP）,10687210400,https://item.jd.com/10687210400.html,QNAP威联通UX-800P UX系列储存8盘位扩充设备251 451 651机型兼容 24TB 8x3TB红盘,12390.00,1
威联通（QNAP）,10627161288,https://item.jd.com/10627161288.html,威联通QNAP TS-253A 2盘位高性能 网络存储器NAS 4G内存 黑色 0TB 不含盘,4280.00,1
威联通（QNAP）,10687217302,https://item.jd.com/10687217302.html,QNAP威联通UX-800P UX系列储存8盘位扩充设备251 451 651机型兼容 48TB 8x6TB红盘,21999.00,1
威联通（QNAP）,10687217301,https://item.jd.com/10687217301.html,QNAP威联通UX-800P UX系列储存8盘位扩充设备251 451 651机型兼容 32TB 8x4TB红盘,14999.00,1
威联通（QNAP）,11165993833,https://item.jd.com/11165993833.html,威联通（QNAP）TS-431系列  双核浮点运算 1.4GHz CPU 双千兆网口 431P 24TB  NAS红盘6T*4,10675.00,1
威联通（QNAP）,10620370412,https://item.jd.com/10620370412.html,威联通QNAP TS-253A 2盘位 网络存储器NAS TS-253A 4G 16T 2x8TB红盘,9479.00,1
威联通（QNAP）,10612078297,https://item.jd.com/10612078297.html,威联通QNAP TAS-268play版 NAS存储器家庭私有云 个人云 6T 内置2块3TB西数红盘,4199.00,1
威联通（QNAP）,10627076519,https://item.jd.com/10627076519.html,威联通（QNAP）TS-451 赛扬双核浮点运算2.41GHz CPU 4G内存 8TB NAS红盘2T*4,6524.00,1
威联通（QNAP）,10623767758,https://item.jd.com/10623767758.html,威联通（QNAP）TS-451+ NAS网络存储器 赛扬2.0G四核CPU 8G内存 8TB  4x2T红盘,7379.00,1
威联通（QNAP）,10623767764,https://item.jd.com/10623767764.html,威联通（QNAP）TS-451+ NAS网络存储器 赛扬2.0G四核CPU 8G内存 12T 2x6TB红盘,8819.00,1
威联通（QNAP）,10623767761,https://item.jd.com/10623767761.html,威联通（QNAP）TS-451+ NAS网络存储器 赛扬2.0G四核CPU 8G内存 24T 4x6TB红盘,12859.00,1
威联通（QNAP）,10627161292,https://item.jd.com/10627161292.html,威联通QNAP TS-253A 2盘位高性能 网络存储器NAS 4G内存 黑色 12TB NAS红盘6T*2,8418.00,1
威联通（QNAP）,10623767765,https://item.jd.com/10623767765.html,威联通（QNAP）TS-451+ NAS网络存储器 赛扬2.0G四核CPU 8G内存 0T 空槽,4780.00,1
威联通（QNAP）,10620370408,https://item.jd.com/10620370408.html,威联通QNAP TS-253A 2盘位 网络存储器NAS TS-253A 4G 4TB 2X2TB红盘,5580.00,1
威联通（QNAP）,10623767763,https://item.jd.com/10623767763.html,威联通（QNAP）TS-451+ NAS网络存储器 赛扬2.0G四核CPU 8G内存 8TB  2x4TB红盘,6359.00,1
威联通（QNAP）,10620370411,https://item.jd.com/10620370411.html,威联通QNAP TS-253A 2盘位 网络存储器NAS TS-253A 4G 12T 2x6TB红盘,8319.00,1
威联通（QNAP）,11165993828,https://item.jd.com/11165993828.html,威联通（QNAP）TS-431系列  双核浮点运算 1.4GHz CPU 双千兆网口 431P 12TB  NAS红盘3T*4,6195.00,1
